Position,Const,Created,Modified,Description,Title,Original Title,URL,Title Type,IMDb Rating,Runtime (mins),Year,Genres,Num Votes,Release Date,Directors,Your Rating,Date Rated
1,tt0316613,2011-09-01,2011-09-01,,"Los simuladores","Los simuladores",https://www.imdb.com/title/tt0316613/,Serie de TV,9.2,60,2002,"Aventura, Comedia, Misterio",7021,2002-03-21,,10,2011-09-01
2,tt0459724,2011-09-01,2011-09-01,,"Vientos de agua","Vientos de agua",https://www.imdb.com/title/tt0459724/,Miniserie de TV,8.7,,2006,"Drama",1329,2006-01-03,,8,2019-12-07
3,tt0289649,2011-09-01,2011-09-01,,"Okupas","Okupas",https://www.imdb.com/title/tt0289649/,Miniserie de TV,8.9,60,2000,"Crimen, Drama",4170,2021-07-20,,10,2011-09-01
4,tt1520211,2011-09-01,2011-09-01,,"The Walking Dead","The Walking Dead",https://www.imdb.com/title/tt1520211/,Serie de TV,8.1,45,2010,"Drama, Terror, Suspense",1217042,2010-11-05,,6,2019-11-11
5,tt0149460,2011-09-01,2011-09-01,,"Futurama","Futurama",https://www.imdb.com/title/tt0149460/,Serie de TV,8.5,22,1999,"Animación, Aventura, Comedia, Ciencia ficción",280895,2000-05-27,,8,2013-04-20
6,tt0182576,2011-09-01,2011-09-01,,"Padre de familia","Family Guy",https://www.imdb.com/title/tt0182576/,Serie de TV,8.1,22,1999,"Animación, Comedia",392769,2001-06-12,,10,2011-02-05
7,tt0455275,2011-09-01,2011-09-01,,"Prison Break","Prison Break",https://www.imdb.com/title/tt0455275/,Serie de TV,8.3,44,2005,"Acción, Crimen, Drama, Misterio, Suspense",681949,2006-09-04,,9,2011-09-01
8,tt0058805,2011-09-04,2011-09-04,,"Superagente 86","Get Smart",https://www.imdb.com/title/tt0058805/,Serie de TV,8.2,25,1965,"Acción, Aventura, Comedia, Crimen, Familiar, Misterio, Ciencia ficción",15422,1965-09-18,,6,2019-11-11
9,tt0389701,2011-09-04,2011-09-04,,"Wildboyz","Wildboyz",https://www.imdb.com/title/tt0389701/,Serie de TV,7.3,30,2003,"Documental, Aventura, Comedia",5484,2003-10-26,,7,2019-11-11
10,tt0264263,2011-09-04,2011-09-04,,"Jackass","Jackass",https://www.imdb.com/title/tt0264263/,Serie de TV,7.4,30,2000,"Acción, Comedia, Reality",29950,2000-10-01,,7,2019-12-02
11,tt0381733,2011-10-03,2011-10-03,,"Aquí no hay quien viva","Aquí no hay quien viva",https://www.imdb.com/title/tt0381733/,Serie de TV,8.2,60,2003,"Comedia, Romance",6057,2003-09-07,,9,2011-10-03
12,tt2085059,2013-02-20,2013-02-20,,"Black Mirror","Black Mirror",https://www.imdb.com/title/tt2085059/,Serie de TV,8.7,60,2011,"Crimen, Drama, Misterio, Ciencia ficción, Suspense",750760,2011-12-04,,8,2019-06-09
13,tt2384811,2014-09-20,2014-09-20,,"Utopía","Utopia",https://www.imdb.com/title/tt2384811/,Serie de TV,8.4,50,2013,"Drama, Misterio, Ciencia ficción, Suspense",56530,2013-05-23,,10,2014-09-15
14,tt2802850,2014-12-31,2014-12-31,,"Fargo","Fargo",https://www.imdb.com/title/tt2802850/,Serie de TV,8.8,60,2014,"Crimen, Drama, Suspense",476385,2014-10-12,,9,2021-05-22
15,tt0979432,2014-12-31,2014-12-31,,"Boardwalk Empire","Boardwalk Empire",https://www.imdb.com/title/tt0979432/,Serie de TV,8.5,60,2010,"Crimen, Drama",220548,2010-12-13,,7,2019-11-11
16,tt2356777,2014-12-31,2014-12-31,,"True Detective","True Detective",https://www.imdb.com/title/tt2356777/,Serie de TV,8.8,60,2014,"Crimen, Drama, Misterio, Suspense",773827,2014-01-13,,7,2019-11-11
17,tt2861424,2019-11-11,2019-11-11,,"Rick y Morty","Rick and Morty",https://www.imdb.com/title/tt2861424/,Serie de TV,9.0,23,2013,"Animación, Aventura, Comedia, Ciencia ficción",714878,2014-10-25,,8,2017-10-26
18,tt8880894,2019-11-11,2019-11-11,,"Cómo vivir contigo mismo","Living with Yourself",https://www.imdb.com/title/tt8880894/,Miniserie de TV,7.1,,2019,"Comedia, Drama, Ciencia ficción",37892,2019-10-18,,8,2019-10-26
19,tt0096697,2019-11-11,2019-11-11,,"Los Simpson","The Simpsons",https://www.imdb.com/title/tt0096697/,Serie de TV,8.6,22,1989,"Animación, Comedia",473724,1991-04-10,,10,2011-02-05
20,tt0182576,2019-11-11,2019-11-11,,"Padre de familia","Family Guy",https://www.imdb.com/title/tt0182576/,Serie de TV,8.1,22,1999,"Animación, Comedia",392769,2001-06-12,,10,2011-02-05
21,tt0377952,2019-11-11,2019-11-11,,"Futurama","Futurama",https://www.imdb.com/title/tt0377952/,Videojuego,7.8,,2003,"Acción, Aventura, Comedia, Ciencia ficción",590,2003-08-01,,8,2019-11-11
22,tt6257970,2019-11-11,2019-11-11,,"The End of the F***ing World","The End of the F***ing World",https://www.imdb.com/title/tt6257970/,Serie de TV,8.0,25,2017,"Aventura, Comedia, Crimen, Drama, Romance, Suspense",250162,2018-01-05,,10,2019-11-08
23,tt0903747,2019-11-11,2019-11-11,,"Breaking Bad","Breaking Bad",https://www.imdb.com/title/tt0903747/,Serie de TV,9.5,48,2008,"Crimen, Drama, Suspense",2686437,2009-03-11,,9,2018-01-30
24,tt7366338,2019-11-11,2019-11-11,,"Chernobyl","Chernobyl",https://www.imdb.com/title/tt7366338/,Miniserie de TV,9.3,60,2019,"Drama, Historia, Suspense",1068866,2019-05-07,,8,2019-12-02
25,tt3032476,2019-11-11,2019-11-11,,"Better Call Saul","Better Call Saul",https://www.imdb.com/title/tt3032476/,Serie de TV,9.0,45,2015,"Crimen, Drama",868764,2015-02-08,,8,2019-11-11
26,tt0264235,2019-11-11,2019-11-11,,"Larry David (Curb Your Enthusiasm)","Curb Your Enthusiasm",https://www.imdb.com/title/tt0264235/,Serie de TV,8.8,30,2000,"Comedia",169288,2016-11-16,,10,2014-08-03
27,tt0367279,2019-11-11,2019-11-11,,"Arrested Development","Arrested Development",https://www.imdb.com/title/tt0367279/,Serie de TV,8.6,22,2003,"Comedia",347191,2005-07-02,,7,2019-11-11
28,tt1856010,2019-11-11,2019-11-11,,"House of Cards","House of Cards",https://www.imdb.com/title/tt1856010/,Serie de TV,8.6,50,2013,"Drama, Suspense",564091,2013-02-21,,8,2017-10-31
29,tt2707408,2019-11-11,2019-11-11,,"Narcos","Narcos",https://www.imdb.com/title/tt2707408/,Serie de TV,8.7,50,2015,"Biografía, Crimen, Drama, Suspense",537493,2015-10-20,,8,2017-10-26
30,tt4574334,2019-11-11,2019-11-11,,"Stranger Things","Stranger Things",https://www.imdb.com/title/tt4574334/,Serie de TV,8.6,60,2016,"Drama, Fantasía, Terror, Misterio, Ciencia ficción, Suspense",1743963,2016-07-15,,8,2019-11-11
31,tt0098904,2019-11-11,2019-11-11,,"Seinfeld","Seinfeld",https://www.imdb.com/title/tt0098904/,Serie de TV,8.8,22,1989,"Comedia",389368,1998-06-28,,10,2017-01-17
32,tt4047038,2019-11-11,2019-11-11,,"Dirk Gently: Agencia de investigaciones holísticas","Dirk Gently's Holistic Detective Agency",https://www.imdb.com/title/tt4047038/,Serie de TV,8.1,60,2016,"Acción, Aventura, Comedia, Fantasía, Misterio, Ciencia ficción",63634,2016-12-11,,8,2019-12-02
33,tt5834204,2019-11-11,2019-11-11,,"El cuento de la criada","The Handmaid's Tale",https://www.imdb.com/title/tt5834204/,Serie de TV,8.3,60,2017,"Drama, Ciencia ficción, Suspense",305685,2017-04-26,,9,2018-02-20
34,tt5820976,2019-11-11,2019-11-11,,"El marginal","El marginal",https://www.imdb.com/title/tt5820976/,Serie de TV,8.1,60,2016,"Crimen, Drama, Misterio, Suspense",5714,2016-10-07,,7,2019-12-02
35,tt6468322,2019-11-11,2019-11-11,,"La casa de papel","La casa de papel",https://www.imdb.com/title/tt6468322/,Serie de TV,8.2,60,2017,"Acción, Crimen, Drama, Misterio, Suspense",620866,2017-05-02,,6,2019-11-11
36,tt0163507,2019-11-11,2019-11-11,,"Whose Line Is It Anyway?","Whose Line Is It Anyway?",https://www.imdb.com/title/tt0163507/,Serie de TV,8.5,30,1998,"Comedia, Concurso",49641,1998-08-05,,10,2011-02-05
37,tt5425186,2019-11-11,2019-11-11,,"Horace and Pete","Horace and Pete",https://www.imdb.com/title/tt5425186/,Miniserie de TV,8.5,44,2016,"Comedia, Drama",18416,2016-01-30,,5,2018-12-26
38,tt0096657,2019-11-11,2019-11-11,,"Mr. Bean","Mr. Bean",https://www.imdb.com/title/tt0096657/,Serie de TV,8.6,25,1990,"Comedia, Familiar",154400,1990-01-01,,9,2019-11-11
39,tt5675620,2019-11-11,2019-11-11,,"The Punisher","The Punisher",https://www.imdb.com/title/tt5675620/,Serie de TV,8.4,60,2017,"Acción, Crimen, Drama, Suspense",315567,2017-11-17,,7,2019-11-11
40,tt1492966,2019-11-11,2019-11-11,,"Louie","Louie",https://www.imdb.com/title/tt1492966/,Serie de TV,8.5,22,2010,"Comedia, Drama",85775,2012-02-28,,10,2019-11-11
41,tt0229889,2019-11-11,2019-11-11,,"El Chavo del Ocho","El Chavo del Ocho",https://www.imdb.com/title/tt0229889/,Serie de TV,8.7,30,1972,"Comedia, Familiar",17787,1973-02-26,,,
42,tt0196248,2019-11-11,2019-11-11,,"Gasoleros","Gasoleros",https://www.imdb.com/title/tt0196248/,Serie de TV,5.7,60,1998,"Comedia, Drama, Romance",124,1998-01-05,,6,2019-12-07
43,tt0338667,2019-11-11,2019-11-11,,"Tumberos","Tumberos",https://www.imdb.com/title/tt0338667/,Miniserie de TV,7.5,60,2002,"Crimen, Drama, Misterio, Suspense",441,2002-10-14,,8,2019-11-11
44,tt5056538,2019-11-11,2019-11-11,,"Historia de un clan","Historia de un clan",https://www.imdb.com/title/tt5056538/,Miniserie de TV,7.8,50,2015,"Biografía, Crimen, Drama, Suspense",1101,2015-09-09,,7,2019-11-11
45,tt8398600,2019-11-11,2019-11-11,,"After Life","After Life",https://www.imdb.com/title/tt8398600/,Serie de TV,8.4,30,2019,"Comedia, Drama",171924,2019-03-08,,8,2022-01-25
46,tt1699173,2019-11-11,2019-11-11,,"Todos contra Juan","Todos contra Juan",https://www.imdb.com/title/tt1699173/,Miniserie de TV,8.5,,2008,"Comedia",420,2008-10-07,,7,2011-09-01
47,tt0219449,2019-11-11,2019-11-11,,"Poliladron","Poliladron",https://www.imdb.com/title/tt0219449/,Serie de TV,7.1,60,1994,"Acción, Crimen, Drama, Romance, Suspense",113,1994,,6,2019-12-07
48,tt0088478,2019-11-11,2019-11-11,,"Cuentos asombrosos","Amazing Stories",https://www.imdb.com/title/tt0088478/,Serie de TV,7.4,30,1985,"Aventura, Comedia, Drama, Fantasía, Terror, Misterio, Ciencia ficción, Suspense",7049,1985-09-29,,7,2019-12-07
49,tt0106080,2019-11-11,2019-11-11,,"La niñera","The Nanny",https://www.imdb.com/title/tt0106080/,Serie de TV,7.2,22,1993,"Comedia, Romance",55826,1993-11-03,,5,2019-12-07
50,tt0077003,2019-11-11,2019-11-11,,"Arnold","Diff'rent Strokes",https://www.imdb.com/title/tt0077003/,Serie de TV,6.7,30,1978,"Comedia, Drama",13764,1978-11-03,,6,2019-12-07
51,tt0088559,2019-11-11,2019-11-11,,"MacGyver","MacGyver",https://www.imdb.com/title/tt0088559/,Serie de TV,7.6,48,1985,"Acción, Aventura, Crimen, Drama",45644,1987-12-05,,6,2019-12-07
52,tt0090390,2019-11-11,2019-11-11,,"ALF","ALF",https://www.imdb.com/title/tt0090390/,Serie de TV,7.4,25,1986,"Comedia, Familiar, Ciencia ficción",43136,1986-09-22,,6,2019-12-07
53,tt0090525,2019-11-11,2019-11-11,,"Martillo Hammer","Sledge Hammer!",https://www.imdb.com/title/tt0090525/,Serie de TV,8.1,30,1986,"Acción, Comedia",8815,1986-09-23,,6,2019-12-07
54,tt0112123,2019-11-11,2019-11-11,,"Pinky y Cerebro","Pinky and the Brain",https://www.imdb.com/title/tt0112123/,Serie de TV,7.8,30,1995,"Animación, Aventura, Comedia, Familiar, Fantasía, Ciencia ficción",35549,1995-09-09,,9,2011-09-01
55,tt0088631,2019-11-11,2019-11-11,,"ThunderCats, los felinos cósmicos","Thundercats",https://www.imdb.com/title/tt0088631/,Serie de TV,7.9,30,1985,"Animación, Acción, Aventura, Familiar, Fantasía, Ciencia ficción",20842,1985-01-23,,6,2019-12-07
56,tt0437745,2019-11-11,2019-11-11,,"Robot Chicken","Robot Chicken",https://www.imdb.com/title/tt0437745/,Serie de TV,7.7,11,2005,"Animación, Corto, Aventura, Comedia, Ciencia ficción",49279,2005-02-20,,5,2019-12-07
57,tt11165002,2019-11-16,2019-11-16,,"The Devil Next Door","The Devil Next Door",https://www.imdb.com/title/tt11165002/,Miniserie de TV,7.5,45,2019,"Documental, Crimen, Historia",16431,2020-07-31,,7,2019-11-16
58,tt9852660,2019-12-06,2019-12-06,,"Monzón","Monzón",https://www.imdb.com/title/tt9852660/,Miniserie de TV,7.8,44,2019,"Biografía, Crimen, Drama, Historia, Deporte",937,2019-10-25,,8,2019-12-06
59,tt0283223,2019-12-31,2019-12-31,,"Todo x 2 pesos","Todo x 2 pesos",https://www.imdb.com/title/tt0283223/,Serie de TV,8.6,60,1999,"Comedia",426,1999-05-12,,7,2019-12-31
60,tt5071412,2020-04-04,2020-04-04,,"Ozark","Ozark",https://www.imdb.com/title/tt5071412/,Serie de TV,8.4,60,2017,"Crimen, Drama, Suspense",400464,2017-07-21,,9,2022-01-27
61,tt8550800,2020-04-09,2020-04-09,,"El visitante","The Outsider",https://www.imdb.com/title/tt8550800/,Miniserie de TV,7.6,60,2020,"Crimen, Drama, Terror, Misterio, Suspense",119991,2020-01-13,,8,2020-04-09
62,tt2244495,2020-06-26,2020-06-26,,"The Eric Andre Show","The Eric Andre Show",https://www.imdb.com/title/tt2244495/,Serie de TV,8.5,11,2012,"Comedia, Reality, Tertulia",24146,2020-01-22,,8,2020-06-26
63,tt5753856,2020-07-05,2020-07-05,,"Dark","Dark",https://www.imdb.com/title/tt5753856/,Serie de TV,8.7,60,2017,"Crimen, Drama, Misterio, Ciencia ficción, Suspense",564176,2017-12-01,,7,2020-07-20
64,tt6625730,2020-10-30,2020-10-30,,"Patria","Patria",https://www.imdb.com/title/tt6625730/,Miniserie de TV,8.2,60,2020,"Drama",7632,2020-09-27,,10,2021-01-21
65,tt10883660,2020-11-06,2020-11-06,,"Antidisturbios","Antidisturbios",https://www.imdb.com/title/tt10883660/,Miniserie de TV,8.0,306,2020,"Acción, Crimen, Drama, Suspense",6149,2020-10-16,,8,2020-11-06
66,tt5348176,2023-01-14,2023-01-14,,"Barry","Barry",https://www.imdb.com/title/tt5348176/,Serie de TV,8.3,30,2018,"Acción, Comedia, Crimen, Drama",146294,2018-03-25,,,
67,tt37025512,2025-10-17,2025-10-17,,"Viudas negras: P*tas y chorras","Viudas Negras: P*tas y Chorras",https://www.imdb.com/title/tt37025512/,Serie de TV,7.4,,2025,"Comedia",1364,2025-06-27,,8,2025-10-17
68,tt27705913,2025-11-28,2025-11-28,,"Yo, adicto","Yo, adicto",https://www.imdb.com/title/tt27705913/,Miniserie de TV,7.9,,2024,"Drama",1162,2024-10-30,,9,2025-11-28
69,tt10383046,2026-10-03,2026-10-03,,"Veneno","Veneno",https://www.imdb.com/title/tt10383046/,Miniserie de TV,8.6,,2020,"Biografía, Drama",5511,2020-03-29,,9,2026-10-03
70,tt13207736,2026-10-03,2026-10-03,,"Monstruo","Monster",https://www.imdb.com/title/tt13207736/,Serie de TV,7.7,60,2022,"Biografía, Crimen, Drama, Terror, Misterio, Suspense",233819,2022-09-21,,9,2026-09-24
